<profile>
    <ReportVersion>
        <Version>2020.2</Version>
    </ReportVersion>
    <UserAssignments>
        <unit>ns</unit>
        <ProductFamily>virtexuplus</ProductFamily>
        <Part>xcvu11p-flga2577-1-e</Part>
        <TopModelName>krnl_s2mm</TopModelName>
        <TargetClockPeriod>10.00</TargetClockPeriod>
        <ClockUncertainty>2.70</ClockUncertainty>
        <FlowTarget>vivado</FlowTarget>
    </UserAssignments>
    <PerformanceEstimates>
        <PipelineType>none</PipelineType>
        <SummaryOfTimingAnalysis>
            <unit>ns</unit>
            <EstimatedClockPeriod>7.300</EstimatedClockPeriod>
        </SummaryOfTimingAnalysis>
        <SummaryOfOverallLatency>
            <unit>clock cycles</unit>
            <Best-caseLatency>1</Best-caseLatency>
            <Average-caseLatency>undef</Average-caseLatency>
            <Worst-caseLatency>undef</Worst-caseLatency>
            <Best-caseRealTimeLatency>10.000 ns</Best-caseRealTimeLatency>
            <Average-caseRealTimeLatency>undef</Average-caseRealTimeLatency>
            <Worst-caseRealTimeLatency>undef</Worst-caseRealTimeLatency>
            <Interval-min>2</Interval-min>
            <Interval-max>undef</Interval-max>
        </SummaryOfOverallLatency>
        <SummaryOfLoopLatency>
            <data_retrival>
                <TripCount>undef</TripCount>
                <Latency>
                    <range>
                        <min>1</min>
                        <max>-1</max>
                    </range>
                </Latency>
                <AbsoluteTimeLatency>
                    <range>
                        <min>10</min>
                        <max>-10</max>
                    </range>
                </AbsoluteTimeLatency>
                <PipelineII>1</PipelineII>
                <PipelineDepth>2</PipelineDepth>
            </data_retrival>
            <main_matching_loop>
                <TripCount>32</TripCount>
                <Latency>241</Latency>
                <AbsoluteTimeLatency>2410</AbsoluteTimeLatency>
                <PipelineII>1</PipelineII>
                <PipelineDepth>210</PipelineDepth>
            </main_matching_loop>
        </SummaryOfLoopLatency>
    </PerformanceEstimates>
    <AreaEstimates>
        <Resources>
            <BRAM_18K>30</BRAM_18K>
            <FF>637237</FF>
            <LUT>671960</LUT>
            <DSP>0</DSP>
            <URAM>0</URAM>
        </Resources>
        <AvailableResources>
            <BRAM_18K>4032</BRAM_18K>
            <DSP>9216</DSP>
            <FF>2592000</FF>
            <LUT>1296000</LUT>
            <URAM>960</URAM>
        </AvailableResources>
    </AreaEstimates>
    <InterfaceSummary>
        <RtlPorts>
            <name>s_axi_control_AWVALID</name>
            <Object>control</Object>
            <Type>pointer</Type>
            <Scope/>
            <IOProtocol>s_axi</IOProtocol>
            <IOConfig/>
            <Dir>in</Dir>
            <Bits>1</Bits>
            <Attribute>unknown</Attribute>
            <CType>int</CType>
            <HasCtrl>1</HasCtrl>
        </RtlPorts>
        <RtlPorts>
            <name>s_axi_control_AWREADY</name>
            <Object>control</Object>
            <Type>pointer</Type>
            <Scope/>
            <IOProtocol>s_axi</IOProtocol>
            <IOConfig/>
            <Dir>out</Dir>
            <Bits>1</Bits>
            <Attribute>unknown</Attribute>
            <CType>int</CType>
            <HasCtrl>1</HasCtrl>
        </RtlPorts>
        <RtlPorts>
            <name>s_axi_control_AWADDR</name>
            <Object>control</Object>
            <Type>pointer</Type>
            <Scope/>
            <IOProtocol>s_axi</IOProtocol>
            <IOConfig/>
            <Dir>in</Dir>
            <Bits>7</Bits>
            <Attribute>unknown</Attribute>
            <CType>int</CType>
            <HasCtrl>1</HasCtrl>
        </RtlPorts>
        <RtlPorts>
            <name>s_axi_control_WVALID</name>
            <Object>control</Object>
            <Type>pointer</Type>
            <Scope/>
            <IOProtocol>s_axi</IOProtocol>
            <IOConfig/>
            <Dir>in</Dir>
            <Bits>1</Bits>
            <Attribute>unknown</Attribute>
            <CType>int</CType>
            <HasCtrl>1</HasCtrl>
        </RtlPorts>
        <RtlPorts>
            <name>s_axi_control_WREADY</name>
            <Object>control</Object>
            <Type>pointer</Type>
            <Scope/>
            <IOProtocol>s_axi</IOProtocol>
            <IOConfig/>
            <Dir>out</Dir>
            <Bits>1</Bits>
            <Attribute>unknown</Attribute>
            <CType>int</CType>
            <HasCtrl>1</HasCtrl>
        </RtlPorts>
        <RtlPorts>
            <name>s_axi_control_WDATA</name>
            <Object>control</Object>
            <Type>pointer</Type>
            <Scope/>
            <IOProtocol>s_axi</IOProtocol>
            <IOConfig/>
            <Dir>in</Dir>
            <Bits>32</Bits>
            <Attribute>unknown</Attribute>
            <CType>int</CType>
            <HasCtrl>1</HasCtrl>
        </RtlPorts>
        <RtlPorts>
            <name>s_axi_control_WSTRB</name>
            <Object>control</Object>
            <Type>pointer</Type>
            <Scope/>
            <IOProtocol>s_axi</IOProtocol>
            <IOConfig/>
            <Dir>in</Dir>
            <Bits>4</Bits>
            <Attribute>unknown</Attribute>
            <CType>int</CType>
            <HasCtrl>1</HasCtrl>
        </RtlPorts>
        <RtlPorts>
            <name>s_axi_control_ARVALID</name>
            <Object>control</Object>
            <Type>pointer</Type>
            <Scope/>
            <IOProtocol>s_axi</IOProtocol>
            <IOConfig/>
            <Dir>in</Dir>
            <Bits>1</Bits>
            <Attribute>unknown</Attribute>
            <CType>int</CType>
            <HasCtrl>1</HasCtrl>
        </RtlPorts>
        <RtlPorts>
            <name>s_axi_control_ARREADY</name>
            <Object>control</Object>
            <Type>pointer</Type>
            <Scope/>
            <IOProtocol>s_axi</IOProtocol>
            <IOConfig/>
            <Dir>out</Dir>
            <Bits>1</Bits>
            <Attribute>unknown</Attribute>
            <CType>int</CType>
            <HasCtrl>1</HasCtrl>
        </RtlPorts>
        <RtlPorts>
            <name>s_axi_control_ARADDR</name>
            <Object>control</Object>
            <Type>pointer</Type>
            <Scope/>
            <IOProtocol>s_axi</IOProtocol>
            <IOConfig/>
            <Dir>in</Dir>
            <Bits>7</Bits>
            <Attribute>unknown</Attribute>
            <CType>int</CType>
            <HasCtrl>1</HasCtrl>
        </RtlPorts>
        <RtlPorts>
            <name>s_axi_control_RVALID</name>
            <Object>control</Object>
            <Type>pointer</Type>
            <Scope/>
            <IOProtocol>s_axi</IOProtocol>
            <IOConfig/>
            <Dir>out</Dir>
            <Bits>1</Bits>
            <Attribute>unknown</Attribute>
            <CType>int</CType>
            <HasCtrl>1</HasCtrl>
        </RtlPorts>
        <RtlPorts>
            <name>s_axi_control_RREADY</name>
            <Object>control</Object>
            <Type>pointer</Type>
            <Scope/>
            <IOProtocol>s_axi</IOProtocol>
            <IOConfig/>
            <Dir>in</Dir>
            <Bits>1</Bits>
            <Attribute>unknown</Attribute>
            <CType>int</CType>
            <HasCtrl>1</HasCtrl>
        </RtlPorts>
        <RtlPorts>
            <name>s_axi_control_RDATA</name>
            <Object>control</Object>
            <Type>pointer</Type>
            <Scope/>
            <IOProtocol>s_axi</IOProtocol>
            <IOConfig/>
            <Dir>out</Dir>
            <Bits>32</Bits>
            <Attribute>unknown</Attribute>
            <CType>int</CType>
            <HasCtrl>1</HasCtrl>
        </RtlPorts>
        <RtlPorts>
            <name>s_axi_control_RRESP</name>
            <Object>control</Object>
            <Type>pointer</Type>
            <Scope/>
            <IOProtocol>s_axi</IOProtocol>
            <IOConfig/>
            <Dir>out</Dir>
            <Bits>2</Bits>
            <Attribute>unknown</Attribute>
            <CType>int</CType>
            <HasCtrl>1</HasCtrl>
        </RtlPorts>
        <RtlPorts>
            <name>s_axi_control_BVALID</name>
            <Object>control</Object>
            <Type>pointer</Type>
            <Scope/>
            <IOProtocol>s_axi</IOProtocol>
            <IOConfig/>
            <Dir>out</Dir>
            <Bits>1</Bits>
            <Attribute>unknown</Attribute>
            <CType>int</CType>
            <HasCtrl>1</HasCtrl>
        </RtlPorts>
        <RtlPorts>
            <name>s_axi_control_BREADY</name>
            <Object>control</Object>
            <Type>pointer</Type>
            <Scope/>
            <IOProtocol>s_axi</IOProtocol>
            <IOConfig/>
            <Dir>in</Dir>
            <Bits>1</Bits>
            <Attribute>unknown</Attribute>
            <CType>int</CType>
            <HasCtrl>1</HasCtrl>
        </RtlPorts>
        <RtlPorts>
            <name>s_axi_control_BRESP</name>
            <Object>control</Object>
            <Type>pointer</Type>
            <Scope/>
            <IOProtocol>s_axi</IOProtocol>
            <IOConfig/>
            <Dir>out</Dir>
            <Bits>2</Bits>
            <Attribute>unknown</Attribute>
            <CType>int</CType>
            <HasCtrl>1</HasCtrl>
        </RtlPorts>
        <RtlPorts>
            <name>ap_clk</name>
            <Object>krnl_s2mm</Object>
            <Type>return value</Type>
            <Scope/>
            <IOProtocol>ap_ctrl_hs</IOProtocol>
            <IOConfig/>
            <Dir>in</Dir>
            <Bits>1</Bits>
            <Attribute>control</Attribute>
        </RtlPorts>
        <RtlPorts>
            <name>ap_rst_n</name>
            <Object>krnl_s2mm</Object>
            <Type>return value</Type>
            <Scope/>
            <IOProtocol>ap_ctrl_hs</IOProtocol>
            <IOConfig/>
            <Dir>in</Dir>
            <Bits>1</Bits>
            <Attribute>control</Attribute>
        </RtlPorts>
        <RtlPorts>
            <name>interrupt</name>
            <Object>krnl_s2mm</Object>
            <Type>return value</Type>
            <Scope/>
            <IOProtocol>ap_ctrl_hs</IOProtocol>
            <IOConfig/>
            <Dir>out</Dir>
            <Bits>1</Bits>
            <Attribute>unknown</Attribute>
        </RtlPorts>
        <RtlPorts>
            <name>m_axi_gmem_AWVALID</name>
            <Object>gmem</Object>
            <Type>pointer</Type>
            <Scope/>
            <IOProtocol>m_axi</IOProtocol>
            <IOConfig/>
            <Dir>out</Dir>
            <Bits>1</Bits>
            <Attribute>unknown</Attribute>
            <CType>int</CType>
        </RtlPorts>
        <RtlPorts>
            <name>m_axi_gmem_AWREADY</name>
            <Object>gmem</Object>
            <Type>pointer</Type>
            <Scope/>
            <IOProtocol>m_axi</IOProtocol>
            <IOConfig/>
            <Dir>in</Dir>
            <Bits>1</Bits>
            <Attribute>unknown</Attribute>
            <CType>int</CType>
        </RtlPorts>
        <RtlPorts>
            <name>m_axi_gmem_AWADDR</name>
            <Object>gmem</Object>
            <Type>pointer</Type>
            <Scope/>
            <IOProtocol>m_axi</IOProtocol>
            <IOConfig/>
            <Dir>out</Dir>
            <Bits>64</Bits>
            <Attribute>unknown</Attribute>
            <CType>int</CType>
        </RtlPorts>
        <RtlPorts>
            <name>m_axi_gmem_AWID</name>
            <Object>gmem</Object>
            <Type>pointer</Type>
            <Scope/>
            <IOProtocol>m_axi</IOProtocol>
            <IOConfig/>
            <Dir>out</Dir>
            <Bits>1</Bits>
            <Attribute>unknown</Attribute>
            <CType>int</CType>
        </RtlPorts>
        <RtlPorts>
            <name>m_axi_gmem_AWLEN</name>
            <Object>gmem</Object>
            <Type>pointer</Type>
            <Scope/>
            <IOProtocol>m_axi</IOProtocol>
            <IOConfig/>
            <Dir>out</Dir>
            <Bits>8</Bits>
            <Attribute>unknown</Attribute>
            <CType>int</CType>
        </RtlPorts>
        <RtlPorts>
            <name>m_axi_gmem_AWSIZE</name>
            <Object>gmem</Object>
            <Type>pointer</Type>
            <Scope/>
            <IOProtocol>m_axi</IOProtocol>
            <IOConfig/>
            <Dir>out</Dir>
            <Bits>3</Bits>
            <Attribute>unknown</Attribute>
            <CType>int</CType>
        </RtlPorts>
        <RtlPorts>
            <name>m_axi_gmem_AWBURST</name>
            <Object>gmem</Object>
            <Type>pointer</Type>
            <Scope/>
            <IOProtocol>m_axi</IOProtocol>
            <IOConfig/>
            <Dir>out</Dir>
            <Bits>2</Bits>
            <Attribute>unknown</Attribute>
            <CType>int</CType>
        </RtlPorts>
        <RtlPorts>
            <name>m_axi_gmem_AWLOCK</name>
            <Object>gmem</Object>
            <Type>pointer</Type>
            <Scope/>
            <IOProtocol>m_axi</IOProtocol>
            <IOConfig/>
            <Dir>out</Dir>
            <Bits>2</Bits>
            <Attribute>unknown</Attribute>
            <CType>int</CType>
        </RtlPorts>
        <RtlPorts>
            <name>m_axi_gmem_AWCACHE</name>
            <Object>gmem</Object>
            <Type>pointer</Type>
            <Scope/>
            <IOProtocol>m_axi</IOProtocol>
            <IOConfig/>
            <Dir>out</Dir>
            <Bits>4</Bits>
            <Attribute>unknown</Attribute>
            <CType>int</CType>
        </RtlPorts>
        <RtlPorts>
            <name>m_axi_gmem_AWPROT</name>
            <Object>gmem</Object>
            <Type>pointer</Type>
            <Scope/>
            <IOProtocol>m_axi</IOProtocol>
            <IOConfig/>
            <Dir>out</Dir>
            <Bits>3</Bits>
            <Attribute>unknown</Attribute>
            <CType>int</CType>
        </RtlPorts>
        <RtlPorts>
            <name>m_axi_gmem_AWQOS</name>
            <Object>gmem</Object>
            <Type>pointer</Type>
            <Scope/>
            <IOProtocol>m_axi</IOProtocol>
            <IOConfig/>
            <Dir>out</Dir>
            <Bits>4</Bits>
            <Attribute>unknown</Attribute>
            <CType>int</CType>
        </RtlPorts>
        <RtlPorts>
            <name>m_axi_gmem_AWREGION</name>
            <Object>gmem</Object>
            <Type>pointer</Type>
            <Scope/>
            <IOProtocol>m_axi</IOProtocol>
            <IOConfig/>
            <Dir>out</Dir>
            <Bits>4</Bits>
            <Attribute>unknown</Attribute>
            <CType>int</CType>
        </RtlPorts>
        <RtlPorts>
            <name>m_axi_gmem_AWUSER</name>
            <Object>gmem</Object>
            <Type>pointer</Type>
            <Scope/>
            <IOProtocol>m_axi</IOProtocol>
            <IOConfig/>
            <Dir>out</Dir>
            <Bits>1</Bits>
            <Attribute>unknown</Attribute>
            <CType>int</CType>
        </RtlPorts>
        <RtlPorts>
            <name>m_axi_gmem_WVALID</name>
            <Object>gmem</Object>
            <Type>pointer</Type>
            <Scope/>
            <IOProtocol>m_axi</IOProtocol>
            <IOConfig/>
            <Dir>out</Dir>
            <Bits>1</Bits>
            <Attribute>unknown</Attribute>
            <CType>int</CType>
        </RtlPorts>
        <RtlPorts>
            <name>m_axi_gmem_WREADY</name>
            <Object>gmem</Object>
            <Type>pointer</Type>
            <Scope/>
            <IOProtocol>m_axi</IOProtocol>
            <IOConfig/>
            <Dir>in</Dir>
            <Bits>1</Bits>
            <Attribute>unknown</Attribute>
            <CType>int</CType>
        </RtlPorts>
        <RtlPorts>
            <name>m_axi_gmem_WDATA</name>
            <Object>gmem</Object>
            <Type>pointer</Type>
            <Scope/>
            <IOProtocol>m_axi</IOProtocol>
            <IOConfig/>
            <Dir>out</Dir>
            <Bits>512</Bits>
            <Attribute>unknown</Attribute>
            <CType>int</CType>
        </RtlPorts>
        <RtlPorts>
            <name>m_axi_gmem_WSTRB</name>
            <Object>gmem</Object>
            <Type>pointer</Type>
            <Scope/>
            <IOProtocol>m_axi</IOProtocol>
            <IOConfig/>
            <Dir>out</Dir>
            <Bits>64</Bits>
            <Attribute>unknown</Attribute>
            <CType>int</CType>
        </RtlPorts>
        <RtlPorts>
            <name>m_axi_gmem_WLAST</name>
            <Object>gmem</Object>
            <Type>pointer</Type>
            <Scope/>
            <IOProtocol>m_axi</IOProtocol>
            <IOConfig/>
            <Dir>out</Dir>
            <Bits>1</Bits>
            <Attribute>unknown</Attribute>
            <CType>int</CType>
        </RtlPorts>
        <RtlPorts>
            <name>m_axi_gmem_WID</name>
            <Object>gmem</Object>
            <Type>pointer</Type>
            <Scope/>
            <IOProtocol>m_axi</IOProtocol>
            <IOConfig/>
            <Dir>out</Dir>
            <Bits>1</Bits>
            <Attribute>unknown</Attribute>
            <CType>int</CType>
        </RtlPorts>
        <RtlPorts>
            <name>m_axi_gmem_WUSER</name>
            <Object>gmem</Object>
            <Type>pointer</Type>
            <Scope/>
            <IOProtocol>m_axi</IOProtocol>
            <IOConfig/>
            <Dir>out</Dir>
            <Bits>1</Bits>
            <Attribute>unknown</Attribute>
            <CType>int</CType>
        </RtlPorts>
        <RtlPorts>
            <name>m_axi_gmem_ARVALID</name>
            <Object>gmem</Object>
            <Type>pointer</Type>
            <Scope/>
            <IOProtocol>m_axi</IOProtocol>
            <IOConfig/>
            <Dir>out</Dir>
            <Bits>1</Bits>
            <Attribute>unknown</Attribute>
            <CType>int</CType>
        </RtlPorts>
        <RtlPorts>
            <name>m_axi_gmem_ARREADY</name>
            <Object>gmem</Object>
            <Type>pointer</Type>
            <Scope/>
            <IOProtocol>m_axi</IOProtocol>
            <IOConfig/>
            <Dir>in</Dir>
            <Bits>1</Bits>
            <Attribute>unknown</Attribute>
            <CType>int</CType>
        </RtlPorts>
        <RtlPorts>
            <name>m_axi_gmem_ARADDR</name>
            <Object>gmem</Object>
            <Type>pointer</Type>
            <Scope/>
            <IOProtocol>m_axi</IOProtocol>
            <IOConfig/>
            <Dir>out</Dir>
            <Bits>64</Bits>
            <Attribute>unknown</Attribute>
            <CType>int</CType>
        </RtlPorts>
        <RtlPorts>
            <name>m_axi_gmem_ARID</name>
            <Object>gmem</Object>
            <Type>pointer</Type>
            <Scope/>
            <IOProtocol>m_axi</IOProtocol>
            <IOConfig/>
            <Dir>out</Dir>
            <Bits>1</Bits>
            <Attribute>unknown</Attribute>
            <CType>int</CType>
        </RtlPorts>
        <RtlPorts>
            <name>m_axi_gmem_ARLEN</name>
            <Object>gmem</Object>
            <Type>pointer</Type>
            <Scope/>
            <IOProtocol>m_axi</IOProtocol>
            <IOConfig/>
            <Dir>out</Dir>
            <Bits>8</Bits>
            <Attribute>unknown</Attribute>
            <CType>int</CType>
        </RtlPorts>
        <RtlPorts>
            <name>m_axi_gmem_ARSIZE</name>
            <Object>gmem</Object>
            <Type>pointer</Type>
            <Scope/>
            <IOProtocol>m_axi</IOProtocol>
            <IOConfig/>
            <Dir>out</Dir>
            <Bits>3</Bits>
            <Attribute>unknown</Attribute>
            <CType>int</CType>
        </RtlPorts>
        <RtlPorts>
            <name>m_axi_gmem_ARBURST</name>
            <Object>gmem</Object>
            <Type>pointer</Type>
            <Scope/>
            <IOProtocol>m_axi</IOProtocol>
            <IOConfig/>
            <Dir>out</Dir>
            <Bits>2</Bits>
            <Attribute>unknown</Attribute>
            <CType>int</CType>
        </RtlPorts>
        <RtlPorts>
            <name>m_axi_gmem_ARLOCK</name>
            <Object>gmem</Object>
            <Type>pointer</Type>
            <Scope/>
            <IOProtocol>m_axi</IOProtocol>
            <IOConfig/>
            <Dir>out</Dir>
            <Bits>2</Bits>
            <Attribute>unknown</Attribute>
            <CType>int</CType>
        </RtlPorts>
        <RtlPorts>
            <name>m_axi_gmem_ARCACHE</name>
            <Object>gmem</Object>
            <Type>pointer</Type>
            <Scope/>
            <IOProtocol>m_axi</IOProtocol>
            <IOConfig/>
            <Dir>out</Dir>
            <Bits>4</Bits>
            <Attribute>unknown</Attribute>
            <CType>int</CType>
        </RtlPorts>
        <RtlPorts>
            <name>m_axi_gmem_ARPROT</name>
            <Object>gmem</Object>
            <Type>pointer</Type>
            <Scope/>
            <IOProtocol>m_axi</IOProtocol>
            <IOConfig/>
            <Dir>out</Dir>
            <Bits>3</Bits>
            <Attribute>unknown</Attribute>
            <CType>int</CType>
        </RtlPorts>
        <RtlPorts>
            <name>m_axi_gmem_ARQOS</name>
            <Object>gmem</Object>
            <Type>pointer</Type>
            <Scope/>
            <IOProtocol>m_axi</IOProtocol>
            <IOConfig/>
            <Dir>out</Dir>
            <Bits>4</Bits>
            <Attribute>unknown</Attribute>
            <CType>int</CType>
        </RtlPorts>
        <RtlPorts>
            <name>m_axi_gmem_ARREGION</name>
            <Object>gmem</Object>
            <Type>pointer</Type>
            <Scope/>
            <IOProtocol>m_axi</IOProtocol>
            <IOConfig/>
            <Dir>out</Dir>
            <Bits>4</Bits>
            <Attribute>unknown</Attribute>
            <CType>int</CType>
        </RtlPorts>
        <RtlPorts>
            <name>m_axi_gmem_ARUSER</name>
            <Object>gmem</Object>
            <Type>pointer</Type>
            <Scope/>
            <IOProtocol>m_axi</IOProtocol>
            <IOConfig/>
            <Dir>out</Dir>
            <Bits>1</Bits>
            <Attribute>unknown</Attribute>
            <CType>int</CType>
        </RtlPorts>
        <RtlPorts>
            <name>m_axi_gmem_RVALID</name>
            <Object>gmem</Object>
            <Type>pointer</Type>
            <Scope/>
            <IOProtocol>m_axi</IOProtocol>
            <IOConfig/>
            <Dir>in</Dir>
            <Bits>1</Bits>
            <Attribute>unknown</Attribute>
            <CType>int</CType>
        </RtlPorts>
        <RtlPorts>
            <name>m_axi_gmem_RREADY</name>
            <Object>gmem</Object>
            <Type>pointer</Type>
            <Scope/>
            <IOProtocol>m_axi</IOProtocol>
            <IOConfig/>
            <Dir>out</Dir>
            <Bits>1</Bits>
            <Attribute>unknown</Attribute>
            <CType>int</CType>
        </RtlPorts>
        <RtlPorts>
            <name>m_axi_gmem_RDATA</name>
            <Object>gmem</Object>
            <Type>pointer</Type>
            <Scope/>
            <IOProtocol>m_axi</IOProtocol>
            <IOConfig/>
            <Dir>in</Dir>
            <Bits>512</Bits>
            <Attribute>unknown</Attribute>
            <CType>int</CType>
        </RtlPorts>
        <RtlPorts>
            <name>m_axi_gmem_RLAST</name>
            <Object>gmem</Object>
            <Type>pointer</Type>
            <Scope/>
            <IOProtocol>m_axi</IOProtocol>
            <IOConfig/>
            <Dir>in</Dir>
            <Bits>1</Bits>
            <Attribute>unknown</Attribute>
            <CType>int</CType>
        </RtlPorts>
        <RtlPorts>
            <name>m_axi_gmem_RID</name>
            <Object>gmem</Object>
            <Type>pointer</Type>
            <Scope/>
            <IOProtocol>m_axi</IOProtocol>
            <IOConfig/>
            <Dir>in</Dir>
            <Bits>1</Bits>
            <Attribute>unknown</Attribute>
            <CType>int</CType>
        </RtlPorts>
        <RtlPorts>
            <name>m_axi_gmem_RUSER</name>
            <Object>gmem</Object>
            <Type>pointer</Type>
            <Scope/>
            <IOProtocol>m_axi</IOProtocol>
            <IOConfig/>
            <Dir>in</Dir>
            <Bits>1</Bits>
            <Attribute>unknown</Attribute>
            <CType>int</CType>
        </RtlPorts>
        <RtlPorts>
            <name>m_axi_gmem_RRESP</name>
            <Object>gmem</Object>
            <Type>pointer</Type>
            <Scope/>
            <IOProtocol>m_axi</IOProtocol>
            <IOConfig/>
            <Dir>in</Dir>
            <Bits>2</Bits>
            <Attribute>unknown</Attribute>
            <CType>int</CType>
        </RtlPorts>
        <RtlPorts>
            <name>m_axi_gmem_BVALID</name>
            <Object>gmem</Object>
            <Type>pointer</Type>
            <Scope/>
            <IOProtocol>m_axi</IOProtocol>
            <IOConfig/>
            <Dir>in</Dir>
            <Bits>1</Bits>
            <Attribute>unknown</Attribute>
            <CType>int</CType>
        </RtlPorts>
        <RtlPorts>
            <name>m_axi_gmem_BREADY</name>
            <Object>gmem</Object>
            <Type>pointer</Type>
            <Scope/>
            <IOProtocol>m_axi</IOProtocol>
            <IOConfig/>
            <Dir>out</Dir>
            <Bits>1</Bits>
            <Attribute>unknown</Attribute>
            <CType>int</CType>
        </RtlPorts>
        <RtlPorts>
            <name>m_axi_gmem_BRESP</name>
            <Object>gmem</Object>
            <Type>pointer</Type>
            <Scope/>
            <IOProtocol>m_axi</IOProtocol>
            <IOConfig/>
            <Dir>in</Dir>
            <Bits>2</Bits>
            <Attribute>unknown</Attribute>
            <CType>int</CType>
        </RtlPorts>
        <RtlPorts>
            <name>m_axi_gmem_BID</name>
            <Object>gmem</Object>
            <Type>pointer</Type>
            <Scope/>
            <IOProtocol>m_axi</IOProtocol>
            <IOConfig/>
            <Dir>in</Dir>
            <Bits>1</Bits>
            <Attribute>unknown</Attribute>
            <CType>int</CType>
        </RtlPorts>
        <RtlPorts>
            <name>m_axi_gmem_BUSER</name>
            <Object>gmem</Object>
            <Type>pointer</Type>
            <Scope/>
            <IOProtocol>m_axi</IOProtocol>
            <IOConfig/>
            <Dir>in</Dir>
            <Bits>1</Bits>
            <Attribute>unknown</Attribute>
            <CType>int</CType>
        </RtlPorts>
        <RtlPorts>
            <name>n2k_TDATA</name>
            <Object>n2k_V_data_V</Object>
            <Type>pointer</Type>
            <Scope/>
            <IOProtocol>axis</IOProtocol>
            <IOConfig>register, both mode</IOConfig>
            <Dir>in</Dir>
            <Bits>512</Bits>
            <Attribute>data</Attribute>
            <CType>int</CType>
        </RtlPorts>
        <RtlPorts>
            <name>n2k_TVALID</name>
            <Object>n2k_V_dest_V</Object>
            <Type>pointer</Type>
            <Scope/>
            <IOProtocol>axis</IOProtocol>
            <IOConfig>register, both mode</IOConfig>
            <Dir>in</Dir>
            <Bits>1</Bits>
            <Attribute>control</Attribute>
            <CType>int</CType>
        </RtlPorts>
        <RtlPorts>
            <name>n2k_TREADY</name>
            <Object>n2k_V_dest_V</Object>
            <Type>pointer</Type>
            <Scope/>
            <IOProtocol>axis</IOProtocol>
            <IOConfig>register, both mode</IOConfig>
            <Dir>out</Dir>
            <Bits>1</Bits>
            <Attribute>control</Attribute>
            <CType>int</CType>
        </RtlPorts>
        <RtlPorts>
            <name>n2k_TDEST</name>
            <Object>n2k_V_dest_V</Object>
            <Type>pointer</Type>
            <Scope/>
            <IOProtocol>axis</IOProtocol>
            <IOConfig>register, both mode</IOConfig>
            <Dir>in</Dir>
            <Bits>16</Bits>
            <Attribute>data</Attribute>
            <CType>int</CType>
        </RtlPorts>
        <RtlPorts>
            <name>n2k_TKEEP</name>
            <Object>n2k_V_keep_V</Object>
            <Type>pointer</Type>
            <Scope/>
            <IOProtocol>axis</IOProtocol>
            <IOConfig>register, both mode</IOConfig>
            <Dir>in</Dir>
            <Bits>64</Bits>
            <Attribute>data</Attribute>
            <CType>int</CType>
        </RtlPorts>
        <RtlPorts>
            <name>n2k_TSTRB</name>
            <Object>n2k_V_strb_V</Object>
            <Type>pointer</Type>
            <Scope/>
            <IOProtocol>axis</IOProtocol>
            <IOConfig>register, both mode</IOConfig>
            <Dir>in</Dir>
            <Bits>64</Bits>
            <Attribute>data</Attribute>
            <CType>int</CType>
        </RtlPorts>
        <RtlPorts>
            <name>n2k_TUSER</name>
            <Object>n2k_V_user_V</Object>
            <Type>pointer</Type>
            <Scope/>
            <IOProtocol>axis</IOProtocol>
            <IOConfig>register, both mode</IOConfig>
            <Dir>in</Dir>
            <Bits>1</Bits>
            <Attribute>data</Attribute>
            <CType>int</CType>
        </RtlPorts>
        <RtlPorts>
            <name>n2k_TLAST</name>
            <Object>n2k_V_last_V</Object>
            <Type>pointer</Type>
            <Scope/>
            <IOProtocol>axis</IOProtocol>
            <IOConfig>register, both mode</IOConfig>
            <Dir>in</Dir>
            <Bits>1</Bits>
            <Attribute>data</Attribute>
            <CType>int</CType>
        </RtlPorts>
        <RtlPorts>
            <name>n2k_TID</name>
            <Object>n2k_V_id_V</Object>
            <Type>pointer</Type>
            <Scope/>
            <IOProtocol>axis</IOProtocol>
            <IOConfig>register, both mode</IOConfig>
            <Dir>in</Dir>
            <Bits>1</Bits>
            <Attribute>data</Attribute>
            <CType>int</CType>
        </RtlPorts>
    </InterfaceSummary>
    <RTLDesignHierarchy>
        <TopModule>
            <ModuleName>krnl_s2mm</ModuleName>
            <InstancesList>
                <Instance>
                    <InstName>grp_match_fu_247</InstName>
                    <ModuleName>match</ModuleName>
                    <IsCompInst>true</IsCompInst>
                    <ID>247</ID>
                </Instance>
            </InstancesList>
        </TopModule>
    </RTLDesignHierarchy>
    <ModuleInformation>
        <Module>
            <Name>match</Name>
            <PerformanceEstimates>
                <SummaryOfTimingAnalysis>
                    <TargetClockPeriod>10.00</TargetClockPeriod>
                    <ClockUncertainty>2.70</ClockUncertainty>
                    <TargetInitiationInterval>4294967295</TargetInitiationInterval>
                    <EstimatedClockPeriod>7.298</EstimatedClockPeriod>
                </SummaryOfTimingAnalysis>
                <SummaryOfOverallLatency>
                    <Best-caseLatency>200</Best-caseLatency>
                    <Average-caseLatency>200</Average-caseLatency>
                    <Worst-caseLatency>200</Worst-caseLatency>
                    <Best-caseRealTimeLatency>2.000 us</Best-caseRealTimeLatency>
                    <Average-caseRealTimeLatency>2.000 us</Average-caseRealTimeLatency>
                    <Worst-caseRealTimeLatency>2.000 us</Worst-caseRealTimeLatency>
                    <PipelineInitiationInterval>1</PipelineInitiationInterval>
                    <PipelineDepth>201</PipelineDepth>
                    <PipelineType>yes</PipelineType>
                </SummaryOfOverallLatency>
            </PerformanceEstimates>
            <AreaEstimates>
                <Resources>
                    <FF>630707</FF>
                    <AVAIL_FF>2592000</AVAIL_FF>
                    <UTIL_FF>24</UTIL_FF>
                    <LUT>656968</LUT>
                    <AVAIL_LUT>1296000</AVAIL_LUT>
                    <UTIL_LUT>50</UTIL_LUT>
                    <BRAM_18K>0</BRAM_18K>
                    <AVAIL_BRAM>4032</AVAIL_BRAM>
                    <UTIL_BRAM>0</UTIL_BRAM>
                    <DSP>0</DSP>
                    <AVAIL_DSP>9216</AVAIL_DSP>
                    <UTIL_DSP>0</UTIL_DSP>
                    <URAM>0</URAM>
                    <AVAIL_URAM>960</AVAIL_URAM>
                    <UTIL_URAM>0</UTIL_URAM>
                </Resources>
            </AreaEstimates>
            <InterfaceSummary>
                <RtlPorts>
                    <name>ap_clk</name>
                    <Object>match</Object>
                    <Type>return value</Type>
                    <Scope/>
                    <IOProtocol>ap_ctrl_hs</IOProtocol>
                    <IOConfig/>
                    <Dir>in</Dir>
                    <Bits>1</Bits>
                    <Attribute>control</Attribute>
                </RtlPorts>
                <RtlPorts>
                    <name>ap_rst</name>
                    <Object>match</Object>
                    <Type>return value</Type>
                    <Scope/>
                    <IOProtocol>ap_ctrl_hs</IOProtocol>
                    <IOConfig/>
                    <Dir>in</Dir>
                    <Bits>1</Bits>
                    <Attribute>control</Attribute>
                </RtlPorts>
                <RtlPorts>
                    <name>ap_start</name>
                    <Object>match</Object>
                    <Type>return value</Type>
                    <Scope/>
                    <IOProtocol>ap_ctrl_hs</IOProtocol>
                    <IOConfig/>
                    <Dir>in</Dir>
                    <Bits>1</Bits>
                    <Attribute>control</Attribute>
                </RtlPorts>
                <RtlPorts>
                    <name>ap_done</name>
                    <Object>match</Object>
                    <Type>return value</Type>
                    <Scope/>
                    <IOProtocol>ap_ctrl_hs</IOProtocol>
                    <IOConfig/>
                    <Dir>out</Dir>
                    <Bits>1</Bits>
                    <Attribute>control</Attribute>
                </RtlPorts>
                <RtlPorts>
                    <name>ap_idle</name>
                    <Object>match</Object>
                    <Type>return value</Type>
                    <Scope/>
                    <IOProtocol>ap_ctrl_hs</IOProtocol>
                    <IOConfig/>
                    <Dir>out</Dir>
                    <Bits>1</Bits>
                    <Attribute>control</Attribute>
                </RtlPorts>
                <RtlPorts>
                    <name>ap_ready</name>
                    <Object>match</Object>
                    <Type>return value</Type>
                    <Scope/>
                    <IOProtocol>ap_ctrl_hs</IOProtocol>
                    <IOConfig/>
                    <Dir>out</Dir>
                    <Bits>1</Bits>
                    <Attribute>control</Attribute>
                </RtlPorts>
                <RtlPorts>
                    <name>ap_ce</name>
                    <Object>match</Object>
                    <Type>return value</Type>
                    <Scope/>
                    <IOProtocol>ap_ctrl_hs</IOProtocol>
                    <IOConfig/>
                    <Dir>in</Dir>
                    <Bits>1</Bits>
                    <Attribute>control</Attribute>
                </RtlPorts>
                <RtlPorts>
                    <name>matched</name>
                    <Object>matched</Object>
                    <Type>pointer</Type>
                    <Scope/>
                    <IOProtocol>ap_vld</IOProtocol>
                    <IOConfig/>
                    <Dir>out</Dir>
                    <Bits>1</Bits>
                    <Attribute>data</Attribute>
                </RtlPorts>
                <RtlPorts>
                    <name>matched_ap_vld</name>
                    <Object>matched</Object>
                    <Type>pointer</Type>
                    <Scope/>
                    <IOProtocol>ap_vld</IOProtocol>
                    <IOConfig/>
                    <Dir>out</Dir>
                    <Bits>1</Bits>
                    <Attribute>control</Attribute>
                </RtlPorts>
                <RtlPorts>
                    <name>pattern_id</name>
                    <Object>pattern_id</Object>
                    <Type>pointer</Type>
                    <Scope/>
                    <IOProtocol>ap_vld</IOProtocol>
                    <IOConfig/>
                    <Dir>out</Dir>
                    <Bits>32</Bits>
                    <Attribute>data</Attribute>
                </RtlPorts>
                <RtlPorts>
                    <name>pattern_id_ap_vld</name>
                    <Object>pattern_id</Object>
                    <Type>pointer</Type>
                    <Scope/>
                    <IOProtocol>ap_vld</IOProtocol>
                    <IOConfig/>
                    <Dir>out</Dir>
                    <Bits>1</Bits>
                    <Attribute>control</Attribute>
                </RtlPorts>
                <RtlPorts>
                    <name>buffer_read</name>
                    <Object>buffer_read</Object>
                    <Type>scalar</Type>
                    <Scope/>
                    <IOProtocol>ap_none</IOProtocol>
                    <IOConfig/>
                    <Dir>in</Dir>
                    <Bits>2920</Bits>
                    <Attribute>data</Attribute>
                </RtlPorts>
            </InterfaceSummary>
        </Module>
        <Module>
            <Name>krnl_s2mm</Name>
            <PerformanceEstimates>
                <SummaryOfTimingAnalysis>
                    <TargetClockPeriod>10.00</TargetClockPeriod>
                    <ClockUncertainty>2.70</ClockUncertainty>
                    <EstimatedClockPeriod>7.300</EstimatedClockPeriod>
                </SummaryOfTimingAnalysis>
                <SummaryOfOverallLatency>
                    <Best-caseLatency>1</Best-caseLatency>
                    <Average-caseLatency>undef</Average-caseLatency>
                    <Worst-caseLatency>undef</Worst-caseLatency>
                    <Best-caseRealTimeLatency>10.000 ns</Best-caseRealTimeLatency>
                    <Average-caseRealTimeLatency>undef</Average-caseRealTimeLatency>
                    <Worst-caseRealTimeLatency>undef</Worst-caseRealTimeLatency>
                    <PipelineInitiationInterval>2 ~ 0</PipelineInitiationInterval>
                    <PipelineType>none</PipelineType>
                </SummaryOfOverallLatency>
                <SummaryOfLoopLatency>
                    <data_retrival>
                        <Name>data_retrival</Name>
                        <TripCount>undef</TripCount>
                        <Latency>1 ~ ?</Latency>
                        <AbsoluteTimeLatency>10.000 ns ~ ?</AbsoluteTimeLatency>
                        <PipelineII>1</PipelineII>
                        <PipelineDepth>2</PipelineDepth>
                    </data_retrival>
                    <main_matching_loop>
                        <Name>main_matching_loop</Name>
                        <TripCount>32</TripCount>
                        <Latency>241</Latency>
                        <AbsoluteTimeLatency>2.410 us</AbsoluteTimeLatency>
                        <PipelineII>1</PipelineII>
                        <PipelineDepth>210</PipelineDepth>
                    </main_matching_loop>
                </SummaryOfLoopLatency>
            </PerformanceEstimates>
            <AreaEstimates>
                <Resources>
                    <BRAM_18K>30</BRAM_18K>
                    <AVAIL_BRAM>4032</AVAIL_BRAM>
                    <UTIL_BRAM>~0</UTIL_BRAM>
                    <FF>637237</FF>
                    <AVAIL_FF>2592000</AVAIL_FF>
                    <UTIL_FF>24</UTIL_FF>
                    <LUT>671960</LUT>
                    <AVAIL_LUT>1296000</AVAIL_LUT>
                    <UTIL_LUT>51</UTIL_LUT>
                    <DSP>0</DSP>
                    <AVAIL_DSP>9216</AVAIL_DSP>
                    <UTIL_DSP>0</UTIL_DSP>
                    <URAM>0</URAM>
                    <AVAIL_URAM>960</AVAIL_URAM>
                    <UTIL_URAM>0</UTIL_URAM>
                </Resources>
            </AreaEstimates>
            <InterfaceSummary>
                <RtlPorts>
                    <name>s_axi_control_AWVALID</name>
                    <Object>control</Object>
                    <Type>pointer</Type>
                    <Scope/>
                    <IOProtocol>s_axi</IOProtocol>
                    <IOConfig/>
                    <Dir>in</Dir>
                    <Bits>1</Bits>
                    <Attribute>unknown</Attribute>
                    <CType>int</CType>
                    <HasCtrl>1</HasCtrl>
                </RtlPorts>
                <RtlPorts>
                    <name>s_axi_control_AWREADY</name>
                    <Object>control</Object>
                    <Type>pointer</Type>
                    <Scope/>
                    <IOProtocol>s_axi</IOProtocol>
                    <IOConfig/>
                    <Dir>out</Dir>
                    <Bits>1</Bits>
                    <Attribute>unknown</Attribute>
                    <CType>int</CType>
                    <HasCtrl>1</HasCtrl>
                </RtlPorts>
                <RtlPorts>
                    <name>s_axi_control_AWADDR</name>
                    <Object>control</Object>
                    <Type>pointer</Type>
                    <Scope/>
                    <IOProtocol>s_axi</IOProtocol>
                    <IOConfig/>
                    <Dir>in</Dir>
                    <Bits>7</Bits>
                    <Attribute>unknown</Attribute>
                    <CType>int</CType>
                    <HasCtrl>1</HasCtrl>
                </RtlPorts>
                <RtlPorts>
                    <name>s_axi_control_WVALID</name>
                    <Object>control</Object>
                    <Type>pointer</Type>
                    <Scope/>
                    <IOProtocol>s_axi</IOProtocol>
                    <IOConfig/>
                    <Dir>in</Dir>
                    <Bits>1</Bits>
                    <Attribute>unknown</Attribute>
                    <CType>int</CType>
                    <HasCtrl>1</HasCtrl>
                </RtlPorts>
                <RtlPorts>
                    <name>s_axi_control_WREADY</name>
                    <Object>control</Object>
                    <Type>pointer</Type>
                    <Scope/>
                    <IOProtocol>s_axi</IOProtocol>
                    <IOConfig/>
                    <Dir>out</Dir>
                    <Bits>1</Bits>
                    <Attribute>unknown</Attribute>
                    <CType>int</CType>
                    <HasCtrl>1</HasCtrl>
                </RtlPorts>
                <RtlPorts>
                    <name>s_axi_control_WDATA</name>
                    <Object>control</Object>
                    <Type>pointer</Type>
                    <Scope/>
                    <IOProtocol>s_axi</IOProtocol>
                    <IOConfig/>
                    <Dir>in</Dir>
                    <Bits>32</Bits>
                    <Attribute>unknown</Attribute>
                    <CType>int</CType>
                    <HasCtrl>1</HasCtrl>
                </RtlPorts>
                <RtlPorts>
                    <name>s_axi_control_WSTRB</name>
                    <Object>control</Object>
                    <Type>pointer</Type>
                    <Scope/>
                    <IOProtocol>s_axi</IOProtocol>
                    <IOConfig/>
                    <Dir>in</Dir>
                    <Bits>4</Bits>
                    <Attribute>unknown</Attribute>
                    <CType>int</CType>
                    <HasCtrl>1</HasCtrl>
                </RtlPorts>
                <RtlPorts>
                    <name>s_axi_control_ARVALID</name>
                    <Object>control</Object>
                    <Type>pointer</Type>
                    <Scope/>
                    <IOProtocol>s_axi</IOProtocol>
                    <IOConfig/>
                    <Dir>in</Dir>
                    <Bits>1</Bits>
                    <Attribute>unknown</Attribute>
                    <CType>int</CType>
                    <HasCtrl>1</HasCtrl>
                </RtlPorts>
                <RtlPorts>
                    <name>s_axi_control_ARREADY</name>
                    <Object>control</Object>
                    <Type>pointer</Type>
                    <Scope/>
                    <IOProtocol>s_axi</IOProtocol>
                    <IOConfig/>
                    <Dir>out</Dir>
                    <Bits>1</Bits>
                    <Attribute>unknown</Attribute>
                    <CType>int</CType>
                    <HasCtrl>1</HasCtrl>
                </RtlPorts>
                <RtlPorts>
                    <name>s_axi_control_ARADDR</name>
                    <Object>control</Object>
                    <Type>pointer</Type>
                    <Scope/>
                    <IOProtocol>s_axi</IOProtocol>
                    <IOConfig/>
                    <Dir>in</Dir>
                    <Bits>7</Bits>
                    <Attribute>unknown</Attribute>
                    <CType>int</CType>
                    <HasCtrl>1</HasCtrl>
                </RtlPorts>
                <RtlPorts>
                    <name>s_axi_control_RVALID</name>
                    <Object>control</Object>
                    <Type>pointer</Type>
                    <Scope/>
                    <IOProtocol>s_axi</IOProtocol>
                    <IOConfig/>
                    <Dir>out</Dir>
                    <Bits>1</Bits>
                    <Attribute>unknown</Attribute>
                    <CType>int</CType>
                    <HasCtrl>1</HasCtrl>
                </RtlPorts>
                <RtlPorts>
                    <name>s_axi_control_RREADY</name>
                    <Object>control</Object>
                    <Type>pointer</Type>
                    <Scope/>
                    <IOProtocol>s_axi</IOProtocol>
                    <IOConfig/>
                    <Dir>in</Dir>
                    <Bits>1</Bits>
                    <Attribute>unknown</Attribute>
                    <CType>int</CType>
                    <HasCtrl>1</HasCtrl>
                </RtlPorts>
                <RtlPorts>
                    <name>s_axi_control_RDATA</name>
                    <Object>control</Object>
                    <Type>pointer</Type>
                    <Scope/>
                    <IOProtocol>s_axi</IOProtocol>
                    <IOConfig/>
                    <Dir>out</Dir>
                    <Bits>32</Bits>
                    <Attribute>unknown</Attribute>
                    <CType>int</CType>
                    <HasCtrl>1</HasCtrl>
                </RtlPorts>
                <RtlPorts>
                    <name>s_axi_control_RRESP</name>
                    <Object>control</Object>
                    <Type>pointer</Type>
                    <Scope/>
                    <IOProtocol>s_axi</IOProtocol>
                    <IOConfig/>
                    <Dir>out</Dir>
                    <Bits>2</Bits>
                    <Attribute>unknown</Attribute>
                    <CType>int</CType>
                    <HasCtrl>1</HasCtrl>
                </RtlPorts>
                <RtlPorts>
                    <name>s_axi_control_BVALID</name>
                    <Object>control</Object>
                    <Type>pointer</Type>
                    <Scope/>
                    <IOProtocol>s_axi</IOProtocol>
                    <IOConfig/>
                    <Dir>out</Dir>
                    <Bits>1</Bits>
                    <Attribute>unknown</Attribute>
                    <CType>int</CType>
                    <HasCtrl>1</HasCtrl>
                </RtlPorts>
                <RtlPorts>
                    <name>s_axi_control_BREADY</name>
                    <Object>control</Object>
                    <Type>pointer</Type>
                    <Scope/>
                    <IOProtocol>s_axi</IOProtocol>
                    <IOConfig/>
                    <Dir>in</Dir>
                    <Bits>1</Bits>
                    <Attribute>unknown</Attribute>
                    <CType>int</CType>
                    <HasCtrl>1</HasCtrl>
                </RtlPorts>
                <RtlPorts>
                    <name>s_axi_control_BRESP</name>
                    <Object>control</Object>
                    <Type>pointer</Type>
                    <Scope/>
                    <IOProtocol>s_axi</IOProtocol>
                    <IOConfig/>
                    <Dir>out</Dir>
                    <Bits>2</Bits>
                    <Attribute>unknown</Attribute>
                    <CType>int</CType>
                    <HasCtrl>1</HasCtrl>
                </RtlPorts>
                <RtlPorts>
                    <name>ap_clk</name>
                    <Object>krnl_s2mm</Object>
                    <Type>return value</Type>
                    <Scope/>
                    <IOProtocol>ap_ctrl_hs</IOProtocol>
                    <IOConfig/>
                    <Dir>in</Dir>
                    <Bits>1</Bits>
                    <Attribute>control</Attribute>
                </RtlPorts>
                <RtlPorts>
                    <name>ap_rst_n</name>
                    <Object>krnl_s2mm</Object>
                    <Type>return value</Type>
                    <Scope/>
                    <IOProtocol>ap_ctrl_hs</IOProtocol>
                    <IOConfig/>
                    <Dir>in</Dir>
                    <Bits>1</Bits>
                    <Attribute>control</Attribute>
                </RtlPorts>
                <RtlPorts>
                    <name>interrupt</name>
                    <Object>krnl_s2mm</Object>
                    <Type>return value</Type>
                    <Scope/>
                    <IOProtocol>ap_ctrl_hs</IOProtocol>
                    <IOConfig/>
                    <Dir>out</Dir>
                    <Bits>1</Bits>
                    <Attribute>unknown</Attribute>
                </RtlPorts>
                <RtlPorts>
                    <name>m_axi_gmem_AWVALID</name>
                    <Object>gmem</Object>
                    <Type>pointer</Type>
                    <Scope/>
                    <IOProtocol>m_axi</IOProtocol>
                    <IOConfig/>
                    <Dir>out</Dir>
                    <Bits>1</Bits>
                    <Attribute>unknown</Attribute>
                    <CType>int</CType>
                </RtlPorts>
                <RtlPorts>
                    <name>m_axi_gmem_AWREADY</name>
                    <Object>gmem</Object>
                    <Type>pointer</Type>
                    <Scope/>
                    <IOProtocol>m_axi</IOProtocol>
                    <IOConfig/>
                    <Dir>in</Dir>
                    <Bits>1</Bits>
                    <Attribute>unknown</Attribute>
                    <CType>int</CType>
                </RtlPorts>
                <RtlPorts>
                    <name>m_axi_gmem_AWADDR</name>
                    <Object>gmem</Object>
                    <Type>pointer</Type>
                    <Scope/>
                    <IOProtocol>m_axi</IOProtocol>
                    <IOConfig/>
                    <Dir>out</Dir>
                    <Bits>64</Bits>
                    <Attribute>unknown</Attribute>
                    <CType>int</CType>
                </RtlPorts>
                <RtlPorts>
                    <name>m_axi_gmem_AWID</name>
                    <Object>gmem</Object>
                    <Type>pointer</Type>
                    <Scope/>
                    <IOProtocol>m_axi</IOProtocol>
                    <IOConfig/>
                    <Dir>out</Dir>
                    <Bits>1</Bits>
                    <Attribute>unknown</Attribute>
                    <CType>int</CType>
                </RtlPorts>
                <RtlPorts>
                    <name>m_axi_gmem_AWLEN</name>
                    <Object>gmem</Object>
                    <Type>pointer</Type>
                    <Scope/>
                    <IOProtocol>m_axi</IOProtocol>
                    <IOConfig/>
                    <Dir>out</Dir>
                    <Bits>8</Bits>
                    <Attribute>unknown</Attribute>
                    <CType>int</CType>
                </RtlPorts>
                <RtlPorts>
                    <name>m_axi_gmem_AWSIZE</name>
                    <Object>gmem</Object>
                    <Type>pointer</Type>
                    <Scope/>
                    <IOProtocol>m_axi</IOProtocol>
                    <IOConfig/>
                    <Dir>out</Dir>
                    <Bits>3</Bits>
                    <Attribute>unknown</Attribute>
                    <CType>int</CType>
                </RtlPorts>
                <RtlPorts>
                    <name>m_axi_gmem_AWBURST</name>
                    <Object>gmem</Object>
                    <Type>pointer</Type>
                    <Scope/>
                    <IOProtocol>m_axi</IOProtocol>
                    <IOConfig/>
                    <Dir>out</Dir>
                    <Bits>2</Bits>
                    <Attribute>unknown</Attribute>
                    <CType>int</CType>
                </RtlPorts>
                <RtlPorts>
                    <name>m_axi_gmem_AWLOCK</name>
                    <Object>gmem</Object>
                    <Type>pointer</Type>
                    <Scope/>
                    <IOProtocol>m_axi</IOProtocol>
                    <IOConfig/>
                    <Dir>out</Dir>
                    <Bits>2</Bits>
                    <Attribute>unknown</Attribute>
                    <CType>int</CType>
                </RtlPorts>
                <RtlPorts>
                    <name>m_axi_gmem_AWCACHE</name>
                    <Object>gmem</Object>
                    <Type>pointer</Type>
                    <Scope/>
                    <IOProtocol>m_axi</IOProtocol>
                    <IOConfig/>
                    <Dir>out</Dir>
                    <Bits>4</Bits>
                    <Attribute>unknown</Attribute>
                    <CType>int</CType>
                </RtlPorts>
                <RtlPorts>
                    <name>m_axi_gmem_AWPROT</name>
                    <Object>gmem</Object>
                    <Type>pointer</Type>
                    <Scope/>
                    <IOProtocol>m_axi</IOProtocol>
                    <IOConfig/>
                    <Dir>out</Dir>
                    <Bits>3</Bits>
                    <Attribute>unknown</Attribute>
                    <CType>int</CType>
                </RtlPorts>
                <RtlPorts>
                    <name>m_axi_gmem_AWQOS</name>
                    <Object>gmem</Object>
                    <Type>pointer</Type>
                    <Scope/>
                    <IOProtocol>m_axi</IOProtocol>
                    <IOConfig/>
                    <Dir>out</Dir>
                    <Bits>4</Bits>
                    <Attribute>unknown</Attribute>
                    <CType>int</CType>
                </RtlPorts>
                <RtlPorts>
                    <name>m_axi_gmem_AWREGION</name>
                    <Object>gmem</Object>
                    <Type>pointer</Type>
                    <Scope/>
                    <IOProtocol>m_axi</IOProtocol>
                    <IOConfig/>
                    <Dir>out</Dir>
                    <Bits>4</Bits>
                    <Attribute>unknown</Attribute>
                    <CType>int</CType>
                </RtlPorts>
                <RtlPorts>
                    <name>m_axi_gmem_AWUSER</name>
                    <Object>gmem</Object>
                    <Type>pointer</Type>
                    <Scope/>
                    <IOProtocol>m_axi</IOProtocol>
                    <IOConfig/>
                    <Dir>out</Dir>
                    <Bits>1</Bits>
                    <Attribute>unknown</Attribute>
                    <CType>int</CType>
                </RtlPorts>
                <RtlPorts>
                    <name>m_axi_gmem_WVALID</name>
                    <Object>gmem</Object>
                    <Type>pointer</Type>
                    <Scope/>
                    <IOProtocol>m_axi</IOProtocol>
                    <IOConfig/>
                    <Dir>out</Dir>
                    <Bits>1</Bits>
                    <Attribute>unknown</Attribute>
                    <CType>int</CType>
                </RtlPorts>
                <RtlPorts>
                    <name>m_axi_gmem_WREADY</name>
                    <Object>gmem</Object>
                    <Type>pointer</Type>
                    <Scope/>
                    <IOProtocol>m_axi</IOProtocol>
                    <IOConfig/>
                    <Dir>in</Dir>
                    <Bits>1</Bits>
                    <Attribute>unknown</Attribute>
                    <CType>int</CType>
                </RtlPorts>
                <RtlPorts>
                    <name>m_axi_gmem_WDATA</name>
                    <Object>gmem</Object>
                    <Type>pointer</Type>
                    <Scope/>
                    <IOProtocol>m_axi</IOProtocol>
                    <IOConfig/>
                    <Dir>out</Dir>
                    <Bits>512</Bits>
                    <Attribute>unknown</Attribute>
                    <CType>int</CType>
                </RtlPorts>
                <RtlPorts>
                    <name>m_axi_gmem_WSTRB</name>
                    <Object>gmem</Object>
                    <Type>pointer</Type>
                    <Scope/>
                    <IOProtocol>m_axi</IOProtocol>
                    <IOConfig/>
                    <Dir>out</Dir>
                    <Bits>64</Bits>
                    <Attribute>unknown</Attribute>
                    <CType>int</CType>
                </RtlPorts>
                <RtlPorts>
                    <name>m_axi_gmem_WLAST</name>
                    <Object>gmem</Object>
                    <Type>pointer</Type>
                    <Scope/>
                    <IOProtocol>m_axi</IOProtocol>
                    <IOConfig/>
                    <Dir>out</Dir>
                    <Bits>1</Bits>
                    <Attribute>unknown</Attribute>
                    <CType>int</CType>
                </RtlPorts>
                <RtlPorts>
                    <name>m_axi_gmem_WID</name>
                    <Object>gmem</Object>
                    <Type>pointer</Type>
                    <Scope/>
                    <IOProtocol>m_axi</IOProtocol>
                    <IOConfig/>
                    <Dir>out</Dir>
                    <Bits>1</Bits>
                    <Attribute>unknown</Attribute>
                    <CType>int</CType>
                </RtlPorts>
                <RtlPorts>
                    <name>m_axi_gmem_WUSER</name>
                    <Object>gmem</Object>
                    <Type>pointer</Type>
                    <Scope/>
                    <IOProtocol>m_axi</IOProtocol>
                    <IOConfig/>
                    <Dir>out</Dir>
                    <Bits>1</Bits>
                    <Attribute>unknown</Attribute>
                    <CType>int</CType>
                </RtlPorts>
                <RtlPorts>
                    <name>m_axi_gmem_ARVALID</name>
                    <Object>gmem</Object>
                    <Type>pointer</Type>
                    <Scope/>
                    <IOProtocol>m_axi</IOProtocol>
                    <IOConfig/>
                    <Dir>out</Dir>
                    <Bits>1</Bits>
                    <Attribute>unknown</Attribute>
                    <CType>int</CType>
                </RtlPorts>
                <RtlPorts>
                    <name>m_axi_gmem_ARREADY</name>
                    <Object>gmem</Object>
                    <Type>pointer</Type>
                    <Scope/>
                    <IOProtocol>m_axi</IOProtocol>
                    <IOConfig/>
                    <Dir>in</Dir>
                    <Bits>1</Bits>
                    <Attribute>unknown</Attribute>
                    <CType>int</CType>
                </RtlPorts>
                <RtlPorts>
                    <name>m_axi_gmem_ARADDR</name>
                    <Object>gmem</Object>
                    <Type>pointer</Type>
                    <Scope/>
                    <IOProtocol>m_axi</IOProtocol>
                    <IOConfig/>
                    <Dir>out</Dir>
                    <Bits>64</Bits>
                    <Attribute>unknown</Attribute>
                    <CType>int</CType>
                </RtlPorts>
                <RtlPorts>
                    <name>m_axi_gmem_ARID</name>
                    <Object>gmem</Object>
                    <Type>pointer</Type>
                    <Scope/>
                    <IOProtocol>m_axi</IOProtocol>
                    <IOConfig/>
                    <Dir>out</Dir>
                    <Bits>1</Bits>
                    <Attribute>unknown</Attribute>
                    <CType>int</CType>
                </RtlPorts>
                <RtlPorts>
                    <name>m_axi_gmem_ARLEN</name>
                    <Object>gmem</Object>
                    <Type>pointer</Type>
                    <Scope/>
                    <IOProtocol>m_axi</IOProtocol>
                    <IOConfig/>
                    <Dir>out</Dir>
                    <Bits>8</Bits>
                    <Attribute>unknown</Attribute>
                    <CType>int</CType>
                </RtlPorts>
                <RtlPorts>
                    <name>m_axi_gmem_ARSIZE</name>
                    <Object>gmem</Object>
                    <Type>pointer</Type>
                    <Scope/>
                    <IOProtocol>m_axi</IOProtocol>
                    <IOConfig/>
                    <Dir>out</Dir>
                    <Bits>3</Bits>
                    <Attribute>unknown</Attribute>
                    <CType>int</CType>
                </RtlPorts>
                <RtlPorts>
                    <name>m_axi_gmem_ARBURST</name>
                    <Object>gmem</Object>
                    <Type>pointer</Type>
                    <Scope/>
                    <IOProtocol>m_axi</IOProtocol>
                    <IOConfig/>
                    <Dir>out</Dir>
                    <Bits>2</Bits>
                    <Attribute>unknown</Attribute>
                    <CType>int</CType>
                </RtlPorts>
                <RtlPorts>
                    <name>m_axi_gmem_ARLOCK</name>
                    <Object>gmem</Object>
                    <Type>pointer</Type>
                    <Scope/>
                    <IOProtocol>m_axi</IOProtocol>
                    <IOConfig/>
                    <Dir>out</Dir>
                    <Bits>2</Bits>
                    <Attribute>unknown</Attribute>
                    <CType>int</CType>
                </RtlPorts>
                <RtlPorts>
                    <name>m_axi_gmem_ARCACHE</name>
                    <Object>gmem</Object>
                    <Type>pointer</Type>
                    <Scope/>
                    <IOProtocol>m_axi</IOProtocol>
                    <IOConfig/>
                    <Dir>out</Dir>
                    <Bits>4</Bits>
                    <Attribute>unknown</Attribute>
                    <CType>int</CType>
                </RtlPorts>
                <RtlPorts>
                    <name>m_axi_gmem_ARPROT</name>
                    <Object>gmem</Object>
                    <Type>pointer</Type>
                    <Scope/>
                    <IOProtocol>m_axi</IOProtocol>
                    <IOConfig/>
                    <Dir>out</Dir>
                    <Bits>3</Bits>
                    <Attribute>unknown</Attribute>
                    <CType>int</CType>
                </RtlPorts>
                <RtlPorts>
                    <name>m_axi_gmem_ARQOS</name>
                    <Object>gmem</Object>
                    <Type>pointer</Type>
                    <Scope/>
                    <IOProtocol>m_axi</IOProtocol>
                    <IOConfig/>
                    <Dir>out</Dir>
                    <Bits>4</Bits>
                    <Attribute>unknown</Attribute>
                    <CType>int</CType>
                </RtlPorts>
                <RtlPorts>
                    <name>m_axi_gmem_ARREGION</name>
                    <Object>gmem</Object>
                    <Type>pointer</Type>
                    <Scope/>
                    <IOProtocol>m_axi</IOProtocol>
                    <IOConfig/>
                    <Dir>out</Dir>
                    <Bits>4</Bits>
                    <Attribute>unknown</Attribute>
                    <CType>int</CType>
                </RtlPorts>
                <RtlPorts>
                    <name>m_axi_gmem_ARUSER</name>
                    <Object>gmem</Object>
                    <Type>pointer</Type>
                    <Scope/>
                    <IOProtocol>m_axi</IOProtocol>
                    <IOConfig/>
                    <Dir>out</Dir>
                    <Bits>1</Bits>
                    <Attribute>unknown</Attribute>
                    <CType>int</CType>
                </RtlPorts>
                <RtlPorts>
                    <name>m_axi_gmem_RVALID</name>
                    <Object>gmem</Object>
                    <Type>pointer</Type>
                    <Scope/>
                    <IOProtocol>m_axi</IOProtocol>
                    <IOConfig/>
                    <Dir>in</Dir>
                    <Bits>1</Bits>
                    <Attribute>unknown</Attribute>
                    <CType>int</CType>
                </RtlPorts>
                <RtlPorts>
                    <name>m_axi_gmem_RREADY</name>
                    <Object>gmem</Object>
                    <Type>pointer</Type>
                    <Scope/>
                    <IOProtocol>m_axi</IOProtocol>
                    <IOConfig/>
                    <Dir>out</Dir>
                    <Bits>1</Bits>
                    <Attribute>unknown</Attribute>
                    <CType>int</CType>
                </RtlPorts>
                <RtlPorts>
                    <name>m_axi_gmem_RDATA</name>
                    <Object>gmem</Object>
                    <Type>pointer</Type>
                    <Scope/>
                    <IOProtocol>m_axi</IOProtocol>
                    <IOConfig/>
                    <Dir>in</Dir>
                    <Bits>512</Bits>
                    <Attribute>unknown</Attribute>
                    <CType>int</CType>
                </RtlPorts>
                <RtlPorts>
                    <name>m_axi_gmem_RLAST</name>
                    <Object>gmem</Object>
                    <Type>pointer</Type>
                    <Scope/>
                    <IOProtocol>m_axi</IOProtocol>
                    <IOConfig/>
                    <Dir>in</Dir>
                    <Bits>1</Bits>
                    <Attribute>unknown</Attribute>
                    <CType>int</CType>
                </RtlPorts>
                <RtlPorts>
                    <name>m_axi_gmem_RID</name>
                    <Object>gmem</Object>
                    <Type>pointer</Type>
                    <Scope/>
                    <IOProtocol>m_axi</IOProtocol>
                    <IOConfig/>
                    <Dir>in</Dir>
                    <Bits>1</Bits>
                    <Attribute>unknown</Attribute>
                    <CType>int</CType>
                </RtlPorts>
                <RtlPorts>
                    <name>m_axi_gmem_RUSER</name>
                    <Object>gmem</Object>
                    <Type>pointer</Type>
                    <Scope/>
                    <IOProtocol>m_axi</IOProtocol>
                    <IOConfig/>
                    <Dir>in</Dir>
                    <Bits>1</Bits>
                    <Attribute>unknown</Attribute>
                    <CType>int</CType>
                </RtlPorts>
                <RtlPorts>
                    <name>m_axi_gmem_RRESP</name>
                    <Object>gmem</Object>
                    <Type>pointer</Type>
                    <Scope/>
                    <IOProtocol>m_axi</IOProtocol>
                    <IOConfig/>
                    <Dir>in</Dir>
                    <Bits>2</Bits>
                    <Attribute>unknown</Attribute>
                    <CType>int</CType>
                </RtlPorts>
                <RtlPorts>
                    <name>m_axi_gmem_BVALID</name>
                    <Object>gmem</Object>
                    <Type>pointer</Type>
                    <Scope/>
                    <IOProtocol>m_axi</IOProtocol>
                    <IOConfig/>
                    <Dir>in</Dir>
                    <Bits>1</Bits>
                    <Attribute>unknown</Attribute>
                    <CType>int</CType>
                </RtlPorts>
                <RtlPorts>
                    <name>m_axi_gmem_BREADY</name>
                    <Object>gmem</Object>
                    <Type>pointer</Type>
                    <Scope/>
                    <IOProtocol>m_axi</IOProtocol>
                    <IOConfig/>
                    <Dir>out</Dir>
                    <Bits>1</Bits>
                    <Attribute>unknown</Attribute>
                    <CType>int</CType>
                </RtlPorts>
                <RtlPorts>
                    <name>m_axi_gmem_BRESP</name>
                    <Object>gmem</Object>
                    <Type>pointer</Type>
                    <Scope/>
                    <IOProtocol>m_axi</IOProtocol>
                    <IOConfig/>
                    <Dir>in</Dir>
                    <Bits>2</Bits>
                    <Attribute>unknown</Attribute>
                    <CType>int</CType>
                </RtlPorts>
                <RtlPorts>
                    <name>m_axi_gmem_BID</name>
                    <Object>gmem</Object>
                    <Type>pointer</Type>
                    <Scope/>
                    <IOProtocol>m_axi</IOProtocol>
                    <IOConfig/>
                    <Dir>in</Dir>
                    <Bits>1</Bits>
                    <Attribute>unknown</Attribute>
                    <CType>int</CType>
                </RtlPorts>
                <RtlPorts>
                    <name>m_axi_gmem_BUSER</name>
                    <Object>gmem</Object>
                    <Type>pointer</Type>
                    <Scope/>
                    <IOProtocol>m_axi</IOProtocol>
                    <IOConfig/>
                    <Dir>in</Dir>
                    <Bits>1</Bits>
                    <Attribute>unknown</Attribute>
                    <CType>int</CType>
                </RtlPorts>
                <RtlPorts>
                    <name>n2k_TDATA</name>
                    <Object>n2k_V_data_V</Object>
                    <Type>pointer</Type>
                    <Scope/>
                    <IOProtocol>axis</IOProtocol>
                    <IOConfig>register, both mode</IOConfig>
                    <Dir>in</Dir>
                    <Bits>512</Bits>
                    <Attribute>data</Attribute>
                    <CType>int</CType>
                </RtlPorts>
                <RtlPorts>
                    <name>n2k_TVALID</name>
                    <Object>n2k_V_dest_V</Object>
                    <Type>pointer</Type>
                    <Scope/>
                    <IOProtocol>axis</IOProtocol>
                    <IOConfig>register, both mode</IOConfig>
                    <Dir>in</Dir>
                    <Bits>1</Bits>
                    <Attribute>control</Attribute>
                    <CType>int</CType>
                </RtlPorts>
                <RtlPorts>
                    <name>n2k_TREADY</name>
                    <Object>n2k_V_dest_V</Object>
                    <Type>pointer</Type>
                    <Scope/>
                    <IOProtocol>axis</IOProtocol>
                    <IOConfig>register, both mode</IOConfig>
                    <Dir>out</Dir>
                    <Bits>1</Bits>
                    <Attribute>control</Attribute>
                    <CType>int</CType>
                </RtlPorts>
                <RtlPorts>
                    <name>n2k_TDEST</name>
                    <Object>n2k_V_dest_V</Object>
                    <Type>pointer</Type>
                    <Scope/>
                    <IOProtocol>axis</IOProtocol>
                    <IOConfig>register, both mode</IOConfig>
                    <Dir>in</Dir>
                    <Bits>16</Bits>
                    <Attribute>data</Attribute>
                    <CType>int</CType>
                </RtlPorts>
                <RtlPorts>
                    <name>n2k_TKEEP</name>
                    <Object>n2k_V_keep_V</Object>
                    <Type>pointer</Type>
                    <Scope/>
                    <IOProtocol>axis</IOProtocol>
                    <IOConfig>register, both mode</IOConfig>
                    <Dir>in</Dir>
                    <Bits>64</Bits>
                    <Attribute>data</Attribute>
                    <CType>int</CType>
                </RtlPorts>
                <RtlPorts>
                    <name>n2k_TSTRB</name>
                    <Object>n2k_V_strb_V</Object>
                    <Type>pointer</Type>
                    <Scope/>
                    <IOProtocol>axis</IOProtocol>
                    <IOConfig>register, both mode</IOConfig>
                    <Dir>in</Dir>
                    <Bits>64</Bits>
                    <Attribute>data</Attribute>
                    <CType>int</CType>
                </RtlPorts>
                <RtlPorts>
                    <name>n2k_TUSER</name>
                    <Object>n2k_V_user_V</Object>
                    <Type>pointer</Type>
                    <Scope/>
                    <IOProtocol>axis</IOProtocol>
                    <IOConfig>register, both mode</IOConfig>
                    <Dir>in</Dir>
                    <Bits>1</Bits>
                    <Attribute>data</Attribute>
                    <CType>int</CType>
                </RtlPorts>
                <RtlPorts>
                    <name>n2k_TLAST</name>
                    <Object>n2k_V_last_V</Object>
                    <Type>pointer</Type>
                    <Scope/>
                    <IOProtocol>axis</IOProtocol>
                    <IOConfig>register, both mode</IOConfig>
                    <Dir>in</Dir>
                    <Bits>1</Bits>
                    <Attribute>data</Attribute>
                    <CType>int</CType>
                </RtlPorts>
                <RtlPorts>
                    <name>n2k_TID</name>
                    <Object>n2k_V_id_V</Object>
                    <Type>pointer</Type>
                    <Scope/>
                    <IOProtocol>axis</IOProtocol>
                    <IOConfig>register, both mode</IOConfig>
                    <Dir>in</Dir>
                    <Bits>1</Bits>
                    <Attribute>data</Attribute>
                    <CType>int</CType>
                </RtlPorts>
            </InterfaceSummary>
        </Module>
    </ModuleInformation>
    <FIFOInformation/>
    <Args>
        <Arg ArgName="out" index="0" direction="inout" srcType="ap_uint&lt;512&gt;*" srcSize="512">
            <hwRefs>
                <hwRef type="interface" interface="m_axi_gmem" name="" usage="data" direction="out"/>
                <hwRef type="register" interface="s_axi_control" name="out_r_1" usage="address" direction="in"/>
                <hwRef type="register" interface="s_axi_control" name="out_r_2" usage="address" direction="in"/>
            </hwRefs>
        </Arg>
        <Arg ArgName="n2k" index="1" direction="in" srcType="stream&lt;hls::axis&lt;ap_uint&lt;512&gt;, 1, 1, 16&gt;, 0&gt;&amp;" srcSize="1024">
            <hwRefs>
                <hwRef type="interface" interface="n2k" name="" usage="data" direction="in"/>
            </hwRefs>
        </Arg>
        <Arg ArgName="size" index="2" direction="in" srcType="unsigned int" srcSize="32">
            <hwRefs>
                <hwRef type="register" interface="s_axi_control" name="size" usage="data" direction="in"/>
            </hwRefs>
        </Arg>
        <Arg ArgName="matched" index="3" direction="out" srcType="bool&amp;" srcSize="1">
            <hwRefs>
                <hwRef type="register" interface="s_axi_control" name="matched" usage="data" direction="out"/>
                <hwRef type="register" interface="s_axi_control" name="matched_ctrl" usage="control" direction="out"/>
            </hwRefs>
        </Arg>
        <Arg ArgName="pattern_id" index="4" direction="out" srcType="int*" srcSize="32">
            <hwRefs>
                <hwRef type="register" interface="s_axi_control" name="pattern_id" usage="data" direction="out"/>
                <hwRef type="register" interface="s_axi_control" name="pattern_id_ctrl" usage="control" direction="out"/>
            </hwRefs>
        </Arg>
        <Arg ArgName="count" index="5" direction="unused" srcType="int&amp;" srcSize="32">
            <hwRefs>
                <hwRef type="register" interface="s_axi_control" name="count" usage="data" direction="in"/>
            </hwRefs>
        </Arg>
    </Args>
    <Interfaces>
        <Interface InterfaceName="ap_clk" type="clock" busTypeName="clock" mode="slave">
            <busParams>
                <busParam busParamName="ASSOCIATED_BUSIF">s_axi_control:m_axi_gmem:n2k</busParam>
                <busParam busParamName="ASSOCIATED_RESET">ap_rst_n</busParam>
            </busParams>
            <portMaps>
                <portMap portMapName="ap_clk">CLK</portMap>
            </portMaps>
            <ports>
                <port>ap_clk</port>
            </ports>
        </Interface>
        <Interface InterfaceName="ap_rst_n" type="reset" busTypeName="reset" mode="slave">
            <busParams>
                <busParam busParamName="POLARITY">ACTIVE_LOW</busParam>
            </busParams>
            <portMaps>
                <portMap portMapName="ap_rst_n">RST</portMap>
            </portMaps>
            <ports>
                <port>ap_rst_n</port>
            </ports>
        </Interface>
        <Interface InterfaceName="interrupt" type="interrupt" busTypeName="interrupt" mode="master" dataWidth="1">
            <busParams>
                <busParam busParamName="SENSITIVITY">LEVEL_HIGH</busParam>
            </busParams>
            <portMaps>
                <portMap portMapName="interrupt">INTERRUPT</portMap>
            </portMaps>
            <ports>
                <port>interrupt</port>
            </ports>
        </Interface>
        <Interface InterfaceName="m_axi_gmem" type="axi4full" busTypeName="aximm" mode="master" dataWidth="512" addrWidth="64" portPrefix="m_axi_gmem_" paramPrefix="C_M_AXI_GMEM_" offsetSlaveName="s_axi_control" preferredUsageValue="MEMORY">
            <busParams>
                <busParam busParamName="NUM_READ_OUTSTANDING">16</busParam>
                <busParam busParamName="NUM_WRITE_OUTSTANDING">16</busParam>
                <busParam busParamName="MAX_READ_BURST_LENGTH">16</busParam>
                <busParam busParamName="MAX_WRITE_BURST_LENGTH">16</busParam>
                <busParam busParamName="MAX_BURST_LENGTH">256</busParam>
                <busParam busParamName="PROTOCOL">AXI4</busParam>
                <busParam busParamName="READ_WRITE_MODE">READ_WRITE</busParam>
                <busParam busParamName="HAS_BURST">0</busParam>
                <busParam busParamName="SUPPORTS_NARROW_BURST">0</busParam>
            </busParams>
            <ports>
                <port>m_axi_gmem_ARADDR</port>
                <port>m_axi_gmem_ARBURST</port>
                <port>m_axi_gmem_ARCACHE</port>
                <port>m_axi_gmem_ARID</port>
                <port>m_axi_gmem_ARLEN</port>
                <port>m_axi_gmem_ARLOCK</port>
                <port>m_axi_gmem_ARPROT</port>
                <port>m_axi_gmem_ARQOS</port>
                <port>m_axi_gmem_ARREADY</port>
                <port>m_axi_gmem_ARREGION</port>
                <port>m_axi_gmem_ARSIZE</port>
                <port>m_axi_gmem_ARUSER</port>
                <port>m_axi_gmem_ARVALID</port>
                <port>m_axi_gmem_AWADDR</port>
                <port>m_axi_gmem_AWBURST</port>
                <port>m_axi_gmem_AWCACHE</port>
                <port>m_axi_gmem_AWID</port>
                <port>m_axi_gmem_AWLEN</port>
                <port>m_axi_gmem_AWLOCK</port>
                <port>m_axi_gmem_AWPROT</port>
                <port>m_axi_gmem_AWQOS</port>
                <port>m_axi_gmem_AWREADY</port>
                <port>m_axi_gmem_AWREGION</port>
                <port>m_axi_gmem_AWSIZE</port>
                <port>m_axi_gmem_AWUSER</port>
                <port>m_axi_gmem_AWVALID</port>
                <port>m_axi_gmem_BID</port>
                <port>m_axi_gmem_BREADY</port>
                <port>m_axi_gmem_BRESP</port>
                <port>m_axi_gmem_BUSER</port>
                <port>m_axi_gmem_BVALID</port>
                <port>m_axi_gmem_RDATA</port>
                <port>m_axi_gmem_RID</port>
                <port>m_axi_gmem_RLAST</port>
                <port>m_axi_gmem_RREADY</port>
                <port>m_axi_gmem_RRESP</port>
                <port>m_axi_gmem_RUSER</port>
                <port>m_axi_gmem_RVALID</port>
                <port>m_axi_gmem_WDATA</port>
                <port>m_axi_gmem_WID</port>
                <port>m_axi_gmem_WLAST</port>
                <port>m_axi_gmem_WREADY</port>
                <port>m_axi_gmem_WSTRB</port>
                <port>m_axi_gmem_WUSER</port>
                <port>m_axi_gmem_WVALID</port>
            </ports>
            <constraints>
                <constraint constraint_type="pragma interface" mode="m_axi" register_option="0" offset="slave" latency="0" num_read_outstanding="16" num_write_outstanding="16" max_read_burst_length="16" max_write_burst_length="16" max_widen_bitwidth="0" argName="out"/>
                <constraint constraint_type="bitwidth" orig_bitwidth="512" final_bitwidth="512" argName="out"/>
            </constraints>
        </Interface>
        <Interface InterfaceName="n2k" type="axi4stream" busTypeName="axis" mode="slave" dataWidth="512" portPrefix="n2k_">
            <ports>
                <port>n2k_TDATA</port>
                <port>n2k_TDEST</port>
                <port>n2k_TID</port>
                <port>n2k_TKEEP</port>
                <port>n2k_TLAST</port>
                <port>n2k_TREADY</port>
                <port>n2k_TSTRB</port>
                <port>n2k_TUSER</port>
                <port>n2k_TVALID</port>
            </ports>
            <constraints>
                <constraint constraint_type="pragma interface" mode="axis" register_option="0" register_mode="both" argName="n2k"/>
            </constraints>
        </Interface>
        <Interface InterfaceName="s_axi_control" type="axi4lite" busTypeName="aximm" mode="slave" dataWidth="32" addrWidth="7" portPrefix="s_axi_control_" paramPrefix="C_S_AXI_CONTROL_" offsetMasterName="m_axi_gmem">
            <ports>
                <port>s_axi_control_ARADDR</port>
                <port>s_axi_control_ARREADY</port>
                <port>s_axi_control_ARVALID</port>
                <port>s_axi_control_AWADDR</port>
                <port>s_axi_control_AWREADY</port>
                <port>s_axi_control_AWVALID</port>
                <port>s_axi_control_BREADY</port>
                <port>s_axi_control_BRESP</port>
                <port>s_axi_control_BVALID</port>
                <port>s_axi_control_RDATA</port>
                <port>s_axi_control_RREADY</port>
                <port>s_axi_control_RRESP</port>
                <port>s_axi_control_RVALID</port>
                <port>s_axi_control_WDATA</port>
                <port>s_axi_control_WREADY</port>
                <port>s_axi_control_WSTRB</port>
                <port>s_axi_control_WVALID</port>
            </ports>
            <registers>
                <register offset="0x00" name="CTRL" access="RW" resetValue="0x0" description="Control signals" range="32">
                    <fields>
                        <field offset="0" width="1" name="AP_START" access="RW" resetValue="0" description="Control signal Register for 'ap_start'."/>
                        <field offset="1" width="1" name="AP_DONE" access="R" resetValue="0" description="Control signal Register for 'ap_done'."/>
                        <field offset="2" width="1" name="AP_IDLE" access="R" resetValue="0" description="Control signal Register for 'ap_idle'."/>
                        <field offset="3" width="1" name="AP_READY" access="R" resetValue="0" description="Control signal Register for 'ap_ready'."/>
                        <field offset="4" width="3" name="RESERVED_1" access="R" resetValue="0" description="Reserved.  0s on read."/>
                        <field offset="7" width="1" name="AUTO_RESTART" access="RW" resetValue="0" description="Control signal Register for 'auto_restart'."/>
                        <field offset="8" width="24" name="RESERVED_2" access="R" resetValue="0" description="Reserved.  0s on read."/>
                    </fields>
                </register>
                <register offset="0x04" name="GIER" access="RW" resetValue="0x0" description="Global Interrupt Enable Register" range="32">
                    <fields>
                        <field offset="0" width="1" name="Enable" access="RW" resetValue="0" description="Master enable for the device interrupt output to the system interrupt controller: 0 = Disabled, 1 = Enabled"/>
                        <field offset="1" width="31" name="RESERVED" access="R" resetValue="0" description="Reserved.  0s on read."/>
                    </fields>
                </register>
                <register offset="0x08" name="IP_IER" access="RW" resetValue="0x0" description="IP Interrupt Enable Register" range="32">
                    <fields>
                        <field offset="0" width="1" name="CHAN0_INT_EN" access="RW" resetValue="0" description="Enable Channel 0 (ap_done) Interrupt.  0 = Disabled, 1 = Enabled."/>
                        <field offset="1" width="1" name="CHAN1_INT_EN" access="RW" resetValue="0" description="Enable Channel 1 (ap_ready) Interrupt.  0 = Disabled, 1 = Enabled."/>
                        <field offset="2" width="30" name="RESERVED" access="R" resetValue="0" description="Reserved.  0s on read."/>
                    </fields>
                </register>
                <register offset="0x0c" name="IP_ISR" access="RW" resetValue="0x0" description="IP Interrupt Status Register" range="32">
                    <fields>
                        <field offset="0" width="1" name="CHAN0_INT_ST" access="RTOW" resetValue="0" description="Channel 0 (ap_done) Interrupt Status. 0 = No Channel 0 input interrupt, 1 = Channel 0 input interrup"/>
                        <field offset="1" width="1" name="CHAN1_INT_ST" access="RTOW" resetValue="0" description="Channel 1 (ap_ready) Interrupt Status. 0 = No Channel 1 input interrupt, 1 = Channel 1 input interrup"/>
                        <field offset="2" width="30" name="RESERVED" access="R" resetValue="0" description="Reserved.  0s on read."/>
                    </fields>
                </register>
                <register offset="0x10" name="out_r_1" access="W" resetValue="0x0" description="Data signal of out_r" range="32">
                    <fields>
                        <field offset="0" width="32" name="out_r" access="W" resetValue="0" description="Bit 31 to 0 of out_r"/>
                    </fields>
                </register>
                <register offset="0x14" name="out_r_2" access="W" resetValue="0x0" description="Data signal of out_r" range="32">
                    <fields>
                        <field offset="0" width="32" name="out_r" access="W" resetValue="0" description="Bit 63 to 32 of out_r"/>
                    </fields>
                </register>
                <register offset="0x1c" name="size" access="W" resetValue="0x0" description="Data signal of size" range="32">
                    <fields>
                        <field offset="0" width="32" name="size" access="W" resetValue="0" description="Bit 31 to 0 of size"/>
                    </fields>
                </register>
                <register offset="0x24" name="matched" access="R" resetValue="0x0" description="Data signal of matched" range="32">
                    <fields>
                        <field offset="0" width="1" name="matched" access="R" resetValue="0" description="Bit 0 to 0 of matched"/>
                        <field offset="1" width="31" name="RESERVED" access="R" resetValue="0" description="Reserved.  0s on read."/>
                    </fields>
                </register>
                <register offset="0x28" name="matched_ctrl" access="R" resetValue="0x0" description="Control signal of matched" range="32">
                    <fields>
                        <field offset="0" width="1" name="matched_ap_vld" access="R" resetValue="0" description="Control signal matched_ap_vld"/>
                        <field offset="1" width="31" name="RESERVED" access="R" resetValue="0" description="Reserved.  0s on read."/>
                    </fields>
                </register>
                <register offset="0x34" name="pattern_id" access="R" resetValue="0x0" description="Data signal of pattern_id" range="32">
                    <fields>
                        <field offset="0" width="32" name="pattern_id" access="R" resetValue="0" description="Bit 31 to 0 of pattern_id"/>
                    </fields>
                </register>
                <register offset="0x38" name="pattern_id_ctrl" access="R" resetValue="0x0" description="Control signal of pattern_id" range="32">
                    <fields>
                        <field offset="0" width="1" name="pattern_id_ap_vld" access="R" resetValue="0" description="Control signal pattern_id_ap_vld"/>
                        <field offset="1" width="31" name="RESERVED" access="R" resetValue="0" description="Reserved.  0s on read."/>
                    </fields>
                </register>
                <register offset="0x44" name="count" access="W" resetValue="0x0" description="Data signal of count" range="32">
                    <fields>
                        <field offset="0" width="32" name="count" access="W" resetValue="0" description="Bit 31 to 0 of count"/>
                    </fields>
                </register>
            </registers>
            <constraints>
                <constraint constraint_type="pragma interface" mode="s_axilite" register_option="0" offset="16" argName="out"/>
            </constraints>
        </Interface>
    </Interfaces>
    <ReportHWInterface>
        <section name="HW Interfaces" level="0">
            <item name="M_AXI">
                <table>
                    <keys size="12">Interface, Data Width (SW-&gt;HW), Address Width, Latency, Offset, Offset Interfaces, Register, Max Widen Bitwidth, Max Read Burst Length, Max Write Burst Length, Num Read Outstanding, Num Write Outstanding</keys>
                    <column name="m_axi_gmem">512 -&gt; 512, 64, 0, slave, s_axi_control, 0, 0, 16, 16, 16, 16</column>
                </table>
            </item>
            <item name="S_AXILITE">
                <table>
                    <keys size="6">Interface, Data Width, Address Width, Offset, Register, Data Interface</keys>
                    <column name="s_axi_control">32, 7, 16, 0, m_axi_gmem</column>
                </table>
            </item>
            <item name="AXIS">
                <table>
                    <keys size="11">Interface, Register Mode, TDATA, TDEST, TID, TKEEP, TLAST, TREADY, TSTRB, TUSER, TVALID</keys>
                    <column name="n2k">both, 512, 16, 1, 64, 1, 1, 64, 1, 1</column>
                </table>
            </item>
            <item name="TOP LEVEL CONTROL">
                <table>
                    <keys size="3">Interface, Type, Ports</keys>
                    <column name="ap_clk">clock, ap_clk</column>
                    <column name="ap_rst_n">reset, ap_rst_n</column>
                    <column name="interrupt">interrupt, interrupt</column>
                    <column name="ap_ctrl">ap_ctrl_hs</column>
                </table>
            </item>
        </section>
    </ReportHWInterface>
    <ReportSWInterface>
        <section name="SW I/O Information" level="0">
            <item name="Top Function Arguments">
                <table isCollapsed="1">
                    <keys size="3">Argument, Direction, Datatype</keys>
                    <column name="out">inout, ap_uint&lt;512&gt;*</column>
                    <column name="n2k">in, stream&lt;hls::axis&lt;ap_uint&lt;512&gt; 1 1 16&gt; 0&gt;&amp;</column>
                    <column name="size">in, unsigned int</column>
                    <column name="matched">out, bool&amp;</column>
                    <column name="pattern_id">out, int*</column>
                    <column name="count">unused, int&amp;</column>
                </table>
            </item>
            <item name="SW-to-HW Mapping">
                <table isCollapsed="1">
                    <keys size="5">Argument, HW Name, HW Type, HW Usage, HW Info</keys>
                    <column name="out">m_axi_gmem, interface, , </column>
                    <column name="out">s_axi_control out_r_1, register, offset, offset=0x10 range=32</column>
                    <column name="out">s_axi_control out_r_2, register, offset, offset=0x14 range=32</column>
                    <column name="n2k">n2k, interface, , </column>
                    <column name="size">s_axi_control size, register, , offset=0x1c range=32</column>
                    <column name="matched">s_axi_control matched, register, , offset=0x24 range=32</column>
                    <column name="matched">s_axi_control matched_ctrl, register, , offset=0x28 range=32</column>
                    <column name="pattern_id">s_axi_control pattern_id, register, , offset=0x34 range=32</column>
                    <column name="pattern_id">s_axi_control pattern_id_ctrl, register, , offset=0x38 range=32</column>
                    <column name="count">s_axi_control count, register, , offset=0x44 range=32</column>
                </table>
            </item>
        </section>
    </ReportSWInterface>
    <ReportBurst>
        <section name="M_AXI Burst Information" level="0">
            <item name="Burst Summary">
                <table>
                    <keys size="3">HW Interface, Message, Location</keys>
                    <column name="m_axi_gmem">Multiple burst writes of variable length and bit width 512 in loop 'data_retrival', ../Downloads/reco/tmp/krnl_s2mm.cpp:71:17</column>
                </table>
            </item>
            <item name="Burst Missed">
                <table>
                    <keys size="5">HW Interface, Variable, Problem, Resolution, Location</keys>
                    <column name="m_axi_gmem">out, Stride is incompatible, 214-230, ../Downloads/reco/tmp/krnl_s2mm.cpp:79:19</column>
                </table>
            </item>
        </section>
    </ReportBurst>
</profile>

